<?xml version="1.0" encoding="UTF-8"?>
<document type="com.apple.InterfaceBuilder3.CocoaTouch.Storyboard.XIB" version="3.0" toolsVersion="19529" targetRuntime="iOS.CocoaTouch" propertyAccessControl="none" useAutolayout="YES" useTraitCollections="YES" useSafeAreas="YES" colorMatched="YES" initialViewController="BYZ-38-t0r">
    <device id="retina6_0" orientation="portrait" appearance="light"/>
    <dependencies>
        <plugIn identifier="com.apple.InterfaceBuilder.IBCocoaTouchPlugin" version="19519"/>
        <capability name="Safe area layout guides" minToolsVersion="9.0"/>
        <capability name="System colors in document resources" minToolsVersion="11.0"/>
        <capability name="documents saved in the Xcode 8 format" minToolsVersion="8.0"/>
    </dependencies>
    <scenes>
        <!--View Controller-->
        <scene sceneID="tne-QT-ifu">
            <objects>
                <viewController id="BYZ-38-t0r" customClass="ViewController" customModule="Calculator" customModuleProvider="target" sceneMemberID="viewController">
                    <view key="view" contentMode="scaleToFill" id="8bC-Xf-vdC">
                        <rect key="frame" x="0.0" y="0.0" width="390" height="844"/>
                        <autoresizingMask key="autoresizingMask" widthSizable="YES" heightSizable="YES"/>
                        <subviews>
                            <button opaque="NO" contentMode="scaleToFill" fixedFrame="YES" contentHorizontalAlignment="center" contentVerticalAlignment="center" buttonType="system" lineBreakMode="middleTruncation" translatesAutoresizingMaskIntoConstraints="NO" id="jWQ-v9-Tem">
                                <rect key="frame" x="16" y="331" width="62" height="62"/>
                                <autoresizingMask key="autoresizingMask" flexibleMaxX="YES" flexibleMaxY="YES"/>
                                <color key="backgroundColor" white="0.66666666666666663" alpha="1" colorSpace="custom" customColorSpace="genericGamma22GrayColorSpace"/>
                                <fontDescription key="fontDescription" type="system" pointSize="25"/>
                                <inset key="imageEdgeInsets" minX="0.0" minY="0.0" maxX="2.2250738585072014e-308" maxY="0.0"/>
                                <state key="normal" title="C">
                                    <color key="titleColor" white="0.0" alpha="1" colorSpace="custom" customColorSpace="genericGamma22GrayColorSpace"/>
                                </state>
                                <userDefinedRuntimeAttributes>
                                    <userDefinedRuntimeAttribute type="number" keyPath="layer.cornerRadius">
                                        <integer key="value" value="30"/>
                                    </userDefinedRuntimeAttribute>
                                </userDefinedRuntimeAttributes>
                                <connections>
                                    <action selector="calculatorClick:" destination="BYZ-38-t0r" eventType="touchUpInside" id="dQn-jd-yDI"/>
                                </connections>
                            </button>
                            <button opaque="NO" tag="1" contentMode="scaleToFill" fixedFrame="YES" contentHorizontalAlignment="center" contentVerticalAlignment="center" buttonType="system" lineBreakMode="middleTruncation" translatesAutoresizingMaskIntoConstraints="NO" id="vRd-Ce-QuP">
                                <rect key="frame" x="115" y="331" width="62" height="62"/>
                                <autoresizingMask key="autoresizingMask" flexibleMaxX="YES" flexibleMaxY="YES"/>
                                <color key="backgroundColor" white="0.66666666669999997" alpha="1" colorSpace="custom" customColorSpace="genericGamma22GrayColorSpace"/>
                                <fontDescription key="fontDescription" type="system" pointSize="25"/>
                                <inset key="imageEdgeInsets" minX="0.0" minY="0.0" maxX="2.2250738585072014e-308" maxY="0.0"/>
                                <state key="normal" title="+/-">
                                    <color key="titleColor" white="0.0" alpha="1" colorSpace="custom" customColorSpace="genericGamma22GrayColorSpace"/>
                                </state>
                                <userDefinedRuntimeAttributes>
                                    <userDefinedRuntimeAttribute type="number" keyPath="layer.cornerRadius">
                                        <integer key="value" value="30"/>
                                    </userDefinedRuntimeAttribute>
                                </userDefinedRuntimeAttributes>
                                <connections>
                                    <action selector="calculatorClick:" destination="BYZ-38-t0r" eventType="touchUpInside" id="WDb-8z-8M7"/>
                                </connections>
                            </button>
                            <button opaque="NO" tag="2" contentMode="scaleToFill" fixedFrame="YES" contentHorizontalAlignment="center" contentVerticalAlignment="center" buttonType="system" lineBreakMode="middleTruncation" translatesAutoresizingMaskIntoConstraints="NO" id="0mR-IH-YgR">
                                <rect key="frame" x="215" y="331" width="62" height="62"/>
                                <autoresizingMask key="autoresizingMask" flexibleMaxX="YES" flexibleMaxY="YES"/>
                                <color key="backgroundColor" white="0.66666666669999997" alpha="1" colorSpace="custom" customColorSpace="genericGamma22GrayColorSpace"/>
                                <fontDescription key="fontDescription" type="system" pointSize="25"/>
                                <inset key="imageEdgeInsets" minX="0.0" minY="0.0" maxX="2.2250738585072014e-308" maxY="0.0"/>
                                <state key="normal" title="%">
                                    <color key="titleColor" white="0.0" alpha="1" colorSpace="custom" customColorSpace="genericGamma22GrayColorSpace"/>
                                </state>
                                <userDefinedRuntimeAttributes>
                                    <userDefinedRuntimeAttribute type="number" keyPath="layer.cornerRadius">
                                        <integer key="value" value="30"/>
                                    </userDefinedRuntimeAttribute>
                                </userDefinedRuntimeAttributes>
                                <connections>
                                    <action selector="calculatorClick:" destination="BYZ-38-t0r" eventType="touchUpInside" id="qWG-cK-FpY"/>
                                </connections>
                            </button>
                            <button opaque="NO" tag="3" contentMode="scaleToFill" fixedFrame="YES" contentHorizontalAlignment="center" contentVerticalAlignment="center" buttonType="system" lineBreakMode="middleTruncation" translatesAutoresizingMaskIntoConstraints="NO" id="rHl-n9-cBL">
                                <rect key="frame" x="312" y="331" width="62" height="62"/>
                                <autoresizingMask key="autoresizingMask" flexibleMaxX="YES" flexibleMaxY="YES"/>
                                <color key="backgroundColor" systemColor="systemOrangeColor"/>
                                <fontDescription key="fontDescription" type="system" pointSize="25"/>
                                <inset key="imageEdgeInsets" minX="0.0" minY="0.0" maxX="2.2250738585072014e-308" maxY="0.0"/>
                                <state key="normal" title="÷">
                                    <color key="titleColor" white="1" alpha="1" colorSpace="custom" customColorSpace="genericGamma22GrayColorSpace"/>
                                </state>
                                <userDefinedRuntimeAttributes>
                                    <userDefinedRuntimeAttribute type="number" keyPath="layer.cornerRadius">
                                        <integer key="value" value="30"/>
                                    </userDefinedRuntimeAttribute>
                                </userDefinedRuntimeAttributes>
                                <connections>
                                    <action selector="calculatorClick:" destination="BYZ-38-t0r" eventType="touchUpInside" id="Noo-nQ-HcC"/>
                                </connections>
                            </button>
                            <button opaque="NO" tag="4" contentMode="scaleToFill" fixedFrame="YES" contentHorizontalAlignment="center" contentVerticalAlignment="center" buttonType="system" lineBreakMode="middleTruncation" translatesAutoresizingMaskIntoConstraints="NO" id="1Qq-Hw-nRZ">
                                <rect key="frame" x="312" y="430" width="62" height="62"/>
                                <autoresizingMask key="autoresizingMask" flexibleMaxX="YES" flexibleMaxY="YES"/>
                                <color key="backgroundColor" systemColor="systemOrangeColor"/>
                                <fontDescription key="fontDescription" type="system" pointSize="25"/>
                                <inset key="imageEdgeInsets" minX="0.0" minY="0.0" maxX="2.2250738585072014e-308" maxY="0.0"/>
                                <state key="normal" title="x">
                                    <color key="titleColor" white="1" alpha="1" colorSpace="custom" customColorSpace="genericGamma22GrayColorSpace"/>
                                </state>
                                <userDefinedRuntimeAttributes>
                                    <userDefinedRuntimeAttribute type="number" keyPath="layer.cornerRadius">
                                        <integer key="value" value="30"/>
                                    </userDefinedRuntimeAttribute>
                                </userDefinedRuntimeAttributes>
                                <connections>
                                    <action selector="calculatorClick:" destination="BYZ-38-t0r" eventType="touchUpInside" id="A5a-tW-LUH"/>
                                </connections>
                            </button>
                            <button opaque="NO" tag="5" contentMode="scaleToFill" fixedFrame="YES" contentHorizontalAlignment="center" contentVerticalAlignment="center" buttonType="system" lineBreakMode="middleTruncation" translatesAutoresizingMaskIntoConstraints="NO" id="t47-TT-gBf">
                                <rect key="frame" x="312" y="524" width="62" height="62"/>
                                <autoresizingMask key="autoresizingMask" flexibleMaxX="YES" flexibleMaxY="YES"/>
                                <color key="backgroundColor" systemColor="systemOrangeColor"/>
                                <fontDescription key="fontDescription" type="system" pointSize="25"/>
                                <inset key="imageEdgeInsets" minX="0.0" minY="0.0" maxX="2.2250738585072014e-308" maxY="0.0"/>
                                <state key="normal" title="-">
                                    <color key="titleColor" white="1" alpha="1" colorSpace="custom" customColorSpace="genericGamma22GrayColorSpace"/>
                                </state>
                                <userDefinedRuntimeAttributes>
                                    <userDefinedRuntimeAttribute type="number" keyPath="layer.cornerRadius">
                                        <integer key="value" value="30"/>
                                    </userDefinedRuntimeAttribute>
                                </userDefinedRuntimeAttributes>
                                <connections>
                                    <action selector="calculatorClick:" destination="BYZ-38-t0r" eventType="touchUpInside" id="3IO-Wi-pjT"/>
                                </connections>
                            </button>
                            <button opaque="NO" contentMode="scaleToFill" fixedFrame="YES" contentHorizontalAlignment="center" contentVerticalAlignment="center" buttonType="system" lineBreakMode="middleTruncation" translatesAutoresizingMaskIntoConstraints="NO" id="kkU-CL-l3e">
                                <rect key="frame" x="312" y="712" width="62" height="62"/>
                                <autoresizingMask key="autoresizingMask" flexibleMaxX="YES" flexibleMaxY="YES"/>
                                <color key="backgroundColor" systemColor="systemOrangeColor"/>
                                <fontDescription key="fontDescription" type="system" pointSize="25"/>
                                <inset key="imageEdgeInsets" minX="0.0" minY="0.0" maxX="2.2250738585072014e-308" maxY="0.0"/>
                                <state key="normal" title="=">
                                    <color key="titleColor" white="1" alpha="1" colorSpace="custom" customColorSpace="genericGamma22GrayColorSpace"/>
                                </state>
                                <userDefinedRuntimeAttributes>
                                    <userDefinedRuntimeAttribute type="number" keyPath="layer.cornerRadius">
                                        <integer key="value" value="30"/>
                                    </userDefinedRuntimeAttribute>
                                </userDefinedRuntimeAttributes>
                                <connections>
                                    <action selector="EqualClick:" destination="BYZ-38-t0r" eventType="touchUpInside" id="I3e-GK-Evm"/>
                                </connections>
                            </button>
                            <button opaque="NO" tag="8" contentMode="scaleToFill" fixedFrame="YES" contentHorizontalAlignment="center" contentVerticalAlignment="center" buttonType="system" lineBreakMode="middleTruncation" translatesAutoresizingMaskIntoConstraints="NO" id="bYJ-iZ-9SW">
                                <rect key="frame" x="16" y="430" width="62" height="62"/>
                                <autoresizingMask key="autoresizingMask" flexibleMaxX="YES" flexibleMaxY="YES"/>
                                <color key="backgroundColor" white="0.33333333333333331" alpha="1" colorSpace="custom" customColorSpace="genericGamma22GrayColorSpace"/>
                                <fontDescription key="fontDescription" type="system" pointSize="25"/>
                                <inset key="imageEdgeInsets" minX="0.0" minY="0.0" maxX="2.2250738585072014e-308" maxY="0.0"/>
                                <state key="normal" title="7">
                                    <color key="titleColor" white="1" alpha="1" colorSpace="custom" customColorSpace="genericGamma22GrayColorSpace"/>
                                </state>
                                <userDefinedRuntimeAttributes>
                                    <userDefinedRuntimeAttribute type="number" keyPath="layer.cornerRadius">
                                        <integer key="value" value="30"/>
                                    </userDefinedRuntimeAttribute>
                                </userDefinedRuntimeAttributes>
                                <connections>
                                    <action selector="numberClick:" destination="BYZ-38-t0r" eventType="touchUpInside" id="q7O-oH-afe"/>
                                </connections>
                            </button>
                            <button opaque="NO" tag="9" contentMode="scaleToFill" fixedFrame="YES" contentHorizontalAlignment="center" contentVerticalAlignment="center" buttonType="system" lineBreakMode="middleTruncation" translatesAutoresizingMaskIntoConstraints="NO" id="mR2-NU-cRI">
                                <rect key="frame" x="115" y="430" width="62" height="62"/>
                                <autoresizingMask key="autoresizingMask" flexibleMaxX="YES" flexibleMaxY="YES"/>
                                <color key="backgroundColor" white="0.33333333329999998" alpha="1" colorSpace="custom" customColorSpace="genericGamma22GrayColorSpace"/>
                                <fontDescription key="fontDescription" type="system" pointSize="25"/>
                                <inset key="imageEdgeInsets" minX="0.0" minY="0.0" maxX="2.2250738585072014e-308" maxY="0.0"/>
                                <state key="normal" title="8">
                                    <color key="titleColor" white="1" alpha="1" colorSpace="custom" customColorSpace="genericGamma22GrayColorSpace"/>
                                </state>
                                <userDefinedRuntimeAttributes>
                                    <userDefinedRuntimeAttribute type="number" keyPath="layer.cornerRadius">
                                        <integer key="value" value="30"/>
                                    </userDefinedRuntimeAttribute>
                                </userDefinedRuntimeAttributes>
                                <connections>
                                    <action selector="numberClick:" destination="BYZ-38-t0r" eventType="touchUpInside" id="wqJ-jZ-efe"/>
                                </connections>
                            </button>
                            <button opaque="NO" tag="10" contentMode="scaleToFill" fixedFrame="YES" contentHorizontalAlignment="center" contentVerticalAlignment="center" buttonType="system" lineBreakMode="middleTruncation" translatesAutoresizingMaskIntoConstraints="NO" id="MPR-Vf-mIU">
                                <rect key="frame" x="215" y="430" width="62" height="62"/>
                                <autoresizingMask key="autoresizingMask" flexibleMaxX="YES" flexibleMaxY="YES"/>
                                <color key="backgroundColor" white="0.33333333329999998" alpha="1" colorSpace="custom" customColorSpace="genericGamma22GrayColorSpace"/>
                                <fontDescription key="fontDescription" type="system" pointSize="25"/>
                                <inset key="imageEdgeInsets" minX="0.0" minY="0.0" maxX="2.2250738585072014e-308" maxY="0.0"/>
                                <state key="normal" title="9">
                                    <color key="titleColor" white="1" alpha="1" colorSpace="custom" customColorSpace="genericGamma22GrayColorSpace"/>
                                </state>
                                <userDefinedRuntimeAttributes>
                                    <userDefinedRuntimeAttribute type="number" keyPath="layer.cornerRadius">
                                        <integer key="value" value="30"/>
                                    </userDefinedRuntimeAttribute>
                                </userDefinedRuntimeAttributes>
                                <connections>
                                    <action selector="numberClick:" destination="BYZ-38-t0r" eventType="touchUpInside" id="Dv1-EE-eA5"/>
                                </connections>
                            </button>
                            <button opaque="NO" tag="5" contentMode="scaleToFill" fixedFrame="YES" contentHorizontalAlignment="center" contentVerticalAlignment="center" buttonType="system" lineBreakMode="middleTruncation" translatesAutoresizingMaskIntoConstraints="NO" id="S89-LD-ygo">
                                <rect key="frame" x="16" y="524" width="62" height="62"/>
                                <autoresizingMask key="autoresizingMask" flexibleMaxX="YES" flexibleMaxY="YES"/>
                                <color key="backgroundColor" white="0.33333333329999998" alpha="1" colorSpace="custom" customColorSpace="genericGamma22GrayColorSpace"/>
                                <fontDescription key="fontDescription" type="system" pointSize="25"/>
                                <inset key="imageEdgeInsets" minX="0.0" minY="0.0" maxX="2.2250738585072014e-308" maxY="0.0"/>
                                <state key="normal" title="4">
                                    <color key="titleColor" white="1" alpha="1" colorSpace="custom" customColorSpace="genericGamma22GrayColorSpace"/>
                                </state>
                                <userDefinedRuntimeAttributes>
                                    <userDefinedRuntimeAttribute type="number" keyPath="layer.cornerRadius">
                                        <integer key="value" value="30"/>
                                    </userDefinedRuntimeAttribute>
                                </userDefinedRuntimeAttributes>
                                <connections>
                                    <action selector="numberClick:" destination="BYZ-38-t0r" eventType="touchUpInside" id="ZJW-qJ-xQ1"/>
                                </connections>
                            </button>
                            <button opaque="NO" tag="6" contentMode="scaleToFill" fixedFrame="YES" contentHorizontalAlignment="center" contentVerticalAlignment="center" buttonType="system" lineBreakMode="middleTruncation" translatesAutoresizingMaskIntoConstraints="NO" id="3bE-M5-Em6">
                                <rect key="frame" x="115" y="524" width="62" height="62"/>
                                <autoresizingMask key="autoresizingMask" flexibleMaxX="YES" flexibleMaxY="YES"/>
                                <color key="backgroundColor" white="0.33333333329999998" alpha="1" colorSpace="custom" customColorSpace="genericGamma22GrayColorSpace"/>
                                <fontDescription key="fontDescription" type="system" pointSize="25"/>
                                <inset key="imageEdgeInsets" minX="0.0" minY="0.0" maxX="2.2250738585072014e-308" maxY="0.0"/>
                                <state key="normal" title="5">
                                    <color key="titleColor" white="1" alpha="1" colorSpace="custom" customColorSpace="genericGamma22GrayColorSpace"/>
                                </state>
                                <userDefinedRuntimeAttributes>
                                    <userDefinedRuntimeAttribute type="number" keyPath="layer.cornerRadius">
                                        <integer key="value" value="30"/>
                                    </userDefinedRuntimeAttribute>
                                </userDefinedRuntimeAttributes>
                                <connections>
                                    <action selector="numberClick:" destination="BYZ-38-t0r" eventType="touchUpInside" id="FCI-6X-vn6"/>
                                </connections>
                            </button>
                            <button opaque="NO" tag="7" contentMode="scaleToFill" fixedFrame="YES" contentHorizontalAlignment="center" contentVerticalAlignment="center" buttonType="system" lineBreakMode="middleTruncation" translatesAutoresizingMaskIntoConstraints="NO" id="Qmg-0K-Zf7">
                                <rect key="frame" x="215" y="524" width="62" height="62"/>
                                <autoresizingMask key="autoresizingMask" flexibleMaxX="YES" flexibleMaxY="YES"/>
                                <color key="backgroundColor" white="0.33333333329999998" alpha="1" colorSpace="custom" customColorSpace="genericGamma22GrayColorSpace"/>
                                <fontDescription key="fontDescription" type="system" pointSize="25"/>
                                <inset key="imageEdgeInsets" minX="0.0" minY="0.0" maxX="2.2250738585072014e-308" maxY="0.0"/>
                                <state key="normal" title="6">
                                    <color key="titleColor" white="1" alpha="1" colorSpace="custom" customColorSpace="genericGamma22GrayColorSpace"/>
                                </state>
                                <userDefinedRuntimeAttributes>
                                    <userDefinedRuntimeAttribute type="number" keyPath="layer.cornerRadius">
                                        <integer key="value" value="30"/>
                                    </userDefinedRuntimeAttribute>
                                </userDefinedRuntimeAttributes>
                                <connections>
                                    <action selector="numberClick:" destination="BYZ-38-t0r" eventType="touchUpInside" id="POb-FT-f0u"/>
                                </connections>
                            </button>
                            <button opaque="NO" tag="4" contentMode="scaleToFill" fixedFrame="YES" contentHorizontalAlignment="center" contentVerticalAlignment="center" buttonType="system" lineBreakMode="middleTruncation" translatesAutoresizingMaskIntoConstraints="NO" id="SEo-Q4-Une">
                                <rect key="frame" x="215" y="619" width="62" height="62"/>
                                <autoresizingMask key="autoresizingMask" flexibleMaxX="YES" flexibleMaxY="YES"/>
                                <color key="backgroundColor" white="0.33333333329999998" alpha="1" colorSpace="custom" customColorSpace="genericGamma22GrayColorSpace"/>
                                <fontDescription key="fontDescription" type="system" pointSize="25"/>
                                <inset key="imageEdgeInsets" minX="0.0" minY="0.0" maxX="2.2250738585072014e-308" maxY="0.0"/>
                                <state key="normal" title="3">
                                    <color key="titleColor" white="1" alpha="1" colorSpace="custom" customColorSpace="genericGamma22GrayColorSpace"/>
                                </state>
                                <userDefinedRuntimeAttributes>
                                    <userDefinedRuntimeAttribute type="number" keyPath="layer.cornerRadius">
                                        <integer key="value" value="30"/>
                                    </userDefinedRuntimeAttribute>
                                </userDefinedRuntimeAttributes>
                                <connections>
                                    <action selector="numberClick:" destination="BYZ-38-t0r" eventType="touchUpInside" id="7y6-ch-igu"/>
                                </connections>
                            </button>
                            <button opaque="NO" tag="3" contentMode="scaleToFill" fixedFrame="YES" contentHorizontalAlignment="center" contentVerticalAlignment="center" buttonType="system" lineBreakMode="middleTruncation" translatesAutoresizingMaskIntoConstraints="NO" id="V3G-G2-dJF">
                                <rect key="frame" x="115" y="619" width="62" height="62"/>
                                <autoresizingMask key="autoresizingMask" flexibleMaxX="YES" flexibleMaxY="YES"/>
                                <color key="backgroundColor" white="0.33333333329999998" alpha="1" colorSpace="custom" customColorSpace="genericGamma22GrayColorSpace"/>
                                <fontDescription key="fontDescription" type="system" pointSize="25"/>
                                <inset key="imageEdgeInsets" minX="0.0" minY="0.0" maxX="2.2250738585072014e-308" maxY="0.0"/>
                                <state key="normal" title="2">
                                    <color key="titleColor" white="1" alpha="1" colorSpace="custom" customColorSpace="genericGamma22GrayColorSpace"/>
                                </state>
                                <userDefinedRuntimeAttributes>
                                    <userDefinedRuntimeAttribute type="number" keyPath="layer.cornerRadius">
                                        <integer key="value" value="30"/>
                                    </userDefinedRuntimeAttribute>
                                </userDefinedRuntimeAttributes>
                                <connections>
                                    <action selector="numberClick:" destination="BYZ-38-t0r" eventType="touchUpInside" id="TUN-Ea-kZ9"/>
                                </connections>
                            </button>
                            <button opaque="NO" tag="2" contentMode="scaleToFill" fixedFrame="YES" contentHorizontalAlignment="center" contentVerticalAlignment="center" buttonType="system" lineBreakMode="middleTruncation" translatesAutoresizingMaskIntoConstraints="NO" id="H6X-hG-0rO">
                                <rect key="frame" x="16" y="619" width="62" height="62"/>
                                <autoresizingMask key="autoresizingMask" flexibleMaxX="YES" flexibleMaxY="YES"/>
                                <color key="backgroundColor" white="0.33333333329999998" alpha="1" colorSpace="custom" customColorSpace="genericGamma22GrayColorSpace"/>
                                <fontDescription key="fontDescription" type="system" pointSize="25"/>
                                <inset key="imageEdgeInsets" minX="0.0" minY="0.0" maxX="2.2250738585072014e-308" maxY="0.0"/>
                                <state key="normal" title="1">
                                    <color key="titleColor" white="1" alpha="1" colorSpace="custom" customColorSpace="genericGamma22GrayColorSpace"/>
                                </state>
                                <userDefinedRuntimeAttributes>
                                    <userDefinedRuntimeAttribute type="number" keyPath="layer.cornerRadius">
                                        <integer key="value" value="30"/>
                                    </userDefinedRuntimeAttribute>
                                </userDefinedRuntimeAttributes>
                                <connections>
                                    <action selector="numberClick:" destination="BYZ-38-t0r" eventType="touchUpInside" id="RVM-S2-xJY"/>
                                </connections>
                            </button>
                            <button opaque="NO" tag="1" contentMode="scaleToFill" fixedFrame="YES" contentHorizontalAlignment="center" contentVerticalAlignment="center" buttonType="system" lineBreakMode="middleTruncation" translatesAutoresizingMaskIntoConstraints="NO" id="nKc-1O-B0Q">
                                <rect key="frame" x="16" y="712" width="161" height="62"/>
                                <autoresizingMask key="autoresizingMask" flexibleMaxX="YES" flexibleMaxY="YES"/>
                                <color key="backgroundColor" white="0.33333333329999998" alpha="1" colorSpace="custom" customColorSpace="genericGamma22GrayColorSpace"/>
                                <fontDescription key="fontDescription" type="system" pointSize="25"/>
                                <inset key="imageEdgeInsets" minX="0.0" minY="0.0" maxX="2.2250738585072014e-308" maxY="0.0"/>
                                <state key="normal" title="0">
                                    <color key="titleColor" white="1" alpha="1" colorSpace="custom" customColorSpace="genericGamma22GrayColorSpace"/>
                                </state>
                                <userDefinedRuntimeAttributes>
                                    <userDefinedRuntimeAttribute type="number" keyPath="layer.cornerRadius">
                                        <integer key="value" value="30"/>
                                    </userDefinedRuntimeAttribute>
                                </userDefinedRuntimeAttributes>
                                <connections>
                                    <action selector="numberClick:" destination="BYZ-38-t0r" eventType="touchUpInside" id="2Ez-wU-81z"/>
                                </connections>
                            </button>
                            <button opaque="NO" contentMode="scaleToFill" fixedFrame="YES" contentHorizontalAlignment="center" contentVerticalAlignment="center" buttonType="system" lineBreakMode="middleTruncation" translatesAutoresizingMaskIntoConstraints="NO" id="UTd-pL-ah9">
                                <rect key="frame" x="215" y="712" width="62" height="62"/>
                                <autoresizingMask key="autoresizingMask" flexibleMaxX="YES" flexibleMaxY="YES"/>
                                <color key="backgroundColor" white="0.33333333329999998" alpha="1" colorSpace="custom" customColorSpace="genericGamma22GrayColorSpace"/>
                                <fontDescription key="fontDescription" type="system" pointSize="25"/>
                                <inset key="imageEdgeInsets" minX="0.0" minY="0.0" maxX="2.2250738585072014e-308" maxY="0.0"/>
                                <state key="normal" title=".">
                                    <color key="titleColor" white="1" alpha="1" colorSpace="custom" customColorSpace="genericGamma22GrayColorSpace"/>
                                </state>
                                <userDefinedRuntimeAttributes>
                                    <userDefinedRuntimeAttribute type="number" keyPath="layer.cornerRadius">
                                        <integer key="value" value="30"/>
                                    </userDefinedRuntimeAttribute>
                                </userDefinedRuntimeAttributes>
                                <connections>
                                    <action selector="dotClick:" destination="BYZ-38-t0r" eventType="touchUpInside" id="PCp-zh-spD"/>
                                </connections>
                            </button>
                            <label opaque="NO" userInteractionEnabled="NO" contentMode="left" horizontalHuggingPriority="251" verticalHuggingPriority="251" fixedFrame="YES" text="0" textAlignment="right" lineBreakMode="tailTruncation" baselineAdjustment="alignBaselines" adjustsFontSizeToFit="NO" translatesAutoresizingMaskIntoConstraints="NO" id="wTn-gX-pvs">
                                <rect key="frame" x="16" y="194" width="358" height="101"/>
                                <autoresizingMask key="autoresizingMask" flexibleMaxX="YES" flexibleMaxY="YES"/>
                                <fontDescription key="fontDescription" type="system" pointSize="60"/>
                                <color key="textColor" white="1" alpha="1" colorSpace="custom" customColorSpace="genericGamma22GrayColorSpace"/>
                                <nil key="highlightedColor"/>
                            </label>
                            <label opaque="NO" userInteractionEnabled="NO" contentMode="left" horizontalHuggingPriority="251" verticalHuggingPriority="251" fixedFrame="YES" text="" textAlignment="right" lineBreakMode="tailTruncation" baselineAdjustment="alignBaselines" adjustsFontSizeToFit="NO" translatesAutoresizingMaskIntoConstraints="NO" id="z7s-8e-x5A">
                                <rect key="frame" x="16" y="79" width="358" height="93"/>
                                <autoresizingMask key="autoresizingMask" flexibleMaxX="YES" flexibleMaxY="YES"/>
                                <fontDescription key="fontDescription" type="system" pointSize="40"/>
                                <color key="textColor" white="1" alpha="1" colorSpace="custom" customColorSpace="genericGamma22GrayColorSpace"/>
                                <nil key="highlightedColor"/>
                            </label>
                            <button opaque="NO" tag="6" contentMode="scaleToFill" fixedFrame="YES" contentHorizontalAlignment="center" contentVerticalAlignment="center" buttonType="system" lineBreakMode="middleTruncation" translatesAutoresizingMaskIntoConstraints="NO" id="AZu-Ij-9qn">
                                <rect key="frame" x="312" y="619" width="62" height="62"/>
                                <autoresizingMask key="autoresizingMask" flexibleMaxX="YES" flexibleMaxY="YES"/>
                                <color key="backgroundColor" systemColor="systemOrangeColor"/>
                                <fontDescription key="fontDescription" type="system" pointSize="25"/>
                                <inset key="imageEdgeInsets" minX="0.0" minY="0.0" maxX="2.2250738585072014e-308" maxY="0.0"/>
                                <state key="normal" title="+">
                                    <color key="titleColor" white="1" alpha="1" colorSpace="custom" customColorSpace="genericGamma22GrayColorSpace"/>
                                </state>
                                <userDefinedRuntimeAttributes>
                                    <userDefinedRuntimeAttribute type="number" keyPath="layer.cornerRadius">
                                        <integer key="value" value="30"/>
                                    </userDefinedRuntimeAttribute>
                                </userDefinedRuntimeAttributes>
                                <connections>
                                    <action selector="calculatorClick:" destination="BYZ-38-t0r" eventType="touchUpInside" id="nvF-ur-FN8"/>
                                </connections>
                            </button>
                        </subviews>
                        <viewLayoutGuide key="safeArea" id="6Tk-OE-BBY"/>
                        <color key="backgroundColor" white="0.0" alpha="1" colorSpace="custom" customColorSpace="genericGamma22GrayColorSpace"/>
                    </view>
                    <connections>
                        <outlet property="dotButton" destination="UTd-pL-ah9" id="Am8-o8-g9O"/>
                        <outlet property="equalButton" destination="kkU-CL-l3e" id="MXz-uq-Fq0"/>
                        <outlet property="formula" destination="z7s-8e-x5A" id="xdn-aY-xpi"/>
                        <outlet property="result" destination="wTn-gX-pvs" id="erj-1e-Sdh"/>
                        <outletCollection property="numberButtons" destination="nKc-1O-B0Q" collectionClass="NSMutableArray" id="JuU-IZ-Poe"/>
                        <outletCollection property="numberButtons" destination="H6X-hG-0rO" collectionClass="NSMutableArray" id="as8-yA-B5f"/>
                        <outletCollection property="numberButtons" destination="V3G-G2-dJF" collectionClass="NSMutableArray" id="a1p-HH-KyM"/>
                        <outletCollection property="numberButtons" destination="SEo-Q4-Une" collectionClass="NSMutableArray" id="riT-Uc-rfj"/>
                        <outletCollection property="numberButtons" destination="S89-LD-ygo" collectionClass="NSMutableArray" id="o0h-Jr-zBF"/>
                        <outletCollection property="numberButtons" destination="3bE-M5-Em6" collectionClass="NSMutableArray" id="COE-bU-ZoP"/>
                        <outletCollection property="numberButtons" destination="Qmg-0K-Zf7" collectionClass="NSMutableArray" id="TG7-H0-HJD"/>
                        <outletCollection property="numberButtons" destination="bYJ-iZ-9SW" collectionClass="NSMutableArray" id="wYV-x7-aTC"/>
                        <outletCollection property="numberButtons" destination="mR2-NU-cRI" collectionClass="NSMutableArray" id="tNV-bd-uGH"/>
                        <outletCollection property="numberButtons" destination="MPR-Vf-mIU" collectionClass="NSMutableArray" id="bvt-w8-JRg"/>
                        <outletCollection property="calculators" destination="jWQ-v9-Tem" collectionClass="NSMutableArray" id="rwI-4S-Vaw"/>
                        <outletCollection property="calculators" destination="vRd-Ce-QuP" collectionClass="NSMutableArray" id="8Tx-YY-QzZ"/>
                        <outletCollection property="calculators" destination="0mR-IH-YgR" collectionClass="NSMutableArray" id="Xj3-go-vUJ"/>
                        <outletCollection property="calculators" destination="rHl-n9-cBL" collectionClass="NSMutableArray" id="5YC-ba-LpR"/>
                        <outletCollection property="calculators" destination="1Qq-Hw-nRZ" collectionClass="NSMutableArray" id="1QO-GY-E5F"/>
                        <outletCollection property="calculators" destination="t47-TT-gBf" collectionClass="NSMutableArray" id="22k-rf-5Ro"/>
                        <outletCollection property="calculators" destination="AZu-Ij-9qn" collectionClass="NSMutableArray" id="gvO-G0-oRs"/>
                    </connections>
                </viewController>
                <placeholder placeholderIdentifier="IBFirstResponder" id="dkx-z0-nzr" sceneMemberID="firstResponder"/>
            </objects>
            <point key="canvasLocation" x="73.84615384615384" y="97.393364928909946"/>
        </scene>
    </scenes>
    <resources>
        <systemColor name="systemOrangeColor">
            <color red="1" green="0.58431372549019611" blue="0.0" alpha="1" colorSpace="custom" customColorSpace="sRGB"/>
        </systemColor>
    </resources>
</document>
